Workbook

Sheet VOOS
C1: Acompanhamento para Voo Pós Plantio e Analise de Falhas / Areas Proprias
K2: DATA ATUAL:
K3: =TODAY() -> 46163 | M3: VISTORIAS
A4: CHAVE | B4: F.A. | C4: FAZENDA | D4: PROPRIETARIO | E4: TALHÃO | F4: ÁREA DE PRODUÇÃO | G4: ÁREA REALIZADA Q.L | H4: VARIEDADE | I4: 1º DATA PLANTIO | J4: Tp.PROPRIEDADE | K4: DIAS DE BROTA | L4: SEMAFARO AVALIAÇÃO | M4: DATA VISTORIA | N4: PORTE CANA (cm)
A5: =CONCATENATE(B5,"-",E5) -> 200509-1 | B5: 200509 | C5: SITIO FUKUDA | D5: CLEALCO | E5: 1 | F5: 17.12 | G5: =SUMIFS('BASE EXEC. Q.L'!N:N,'BASE EXEC. Q.L'!B:B,VOOS!A5) -> 0 | H5: =IFERROR(_xlfn.XLOOKUP(A5,'BASE SQL PLANTIO'!B:B,'BASE SQL PLANTIO'!T:T,"verificar",0),"") -> CTC 9008 | I5: =_xlfn.MINIFS('BASE SQL PLANTIO'!E:E,'BASE SQL PLANTIO'!B:B,VOOS!A5) -> 46155 | J5: PRÓPRIA | K5: =IF(I5="","",$K$3-I5) -> 8 | L5: =K5 -> 8
A6: =CONCATENATE(B6,"-",E6) -> 200509-2 | B6: 200509 | C6: SITIO FUKUDA | D6: CLEALCO | E6: 2 | F6: 0.6 | G6: =SUMIFS('BASE EXEC. Q.L'!N:N,'BASE EXEC. Q.L'!B:B,VOOS!A6) -> 0 | H6: =IFERROR(_xlfn.XLOOKUP(A6,'BASE SQL PLANTIO'!B:B,'BASE SQL PLANTIO'!T:T,"verificar",0),"") -> CTC 9008 | I6: =_xlfn.MINIFS('BASE SQL PLANTIO'!E:E,'BASE SQL PLANTIO'!B:B,VOOS!A6) -> 46156 | J6: PRÓPRIA | K6: =IF(I6="","",$K$3-I6) -> 7 | L6: =K6 -> 7
A7: =CONCATENATE(B7,"-",E7) -> 200509-3 | B7: 200509 | C7: SITIO FUKUDA | D7: CLEALCO | E7: 3 | F7: 21.19 | G7: =SUMIFS('BASE EXEC. Q.L'!N:N,'BASE EXEC. Q.L'!B:B,VOOS!A7) -> 0 | H7: =IFERROR(_xlfn.XLOOKUP(A7,'BASE SQL PLANTIO'!B:B,'BASE SQL PLANTIO'!T:T,"verificar",0),"") -> CTC 9008 | I7: =_xlfn.MINIFS('BASE SQL PLANTIO'!E:E,'BASE SQL PLANTIO'!B:B,VOOS!A7) -> 46156 | J7: PRÓPRIA | K7: =IF(I7="","",$K$3-I7) -> 7 | L7: =K7 -> 7
A8: =CONCATENATE(B8,"-",E8) -> 200518-1 | B8: 200518 | C8: FAZENDA CACHOEIRA DOS INDIOS | D8: CLEALCO | E8: 1 | F8: 32.25 | G8: =SUMIFS('BASE EXEC. Q.L'!N:N,'BASE EXEC. Q.L'!B:B,VOOS!A8) -> 0 | H8: =IFERROR(_xlfn.XLOOKUP(A8,'BASE SQL PLANTIO'!B:B,'BASE SQL PLANTIO'!T:T,"verificar",0),"") -> CTC 9008 | I8: =IF(_xlfn.MINIFS('BASE SQL PLANTIO'!E:E,'BASE SQL PLANTIO'!B:B,VOOS!A8)=0/1/1900,"",_xlfn.MINIFS('BASE SQL PLANTIO'!E:E,'BASE SQL PLANTIO'!B:B,VOOS!A8)) -> 46152 | J8: PRÓPRIA | K8: =IF(I8="","",$K$3-I8) -> 11 | L8: =K8 -> 11
A9: =CONCATENATE(B9,"-",E9) -> 200518-2 | B9: 200518 | C9: FAZENDA CACHOEIRA DOS INDIOS | D9: CLEALCO | E9: 2 | F9: 35.27 | G9: =SUMIFS('BASE EXEC. Q.L'!N:N,'BASE EXEC. Q.L'!B:B,VOOS!A9) -> 0 | H9: =IFERROR(_xlfn.XLOOKUP(A9,'BASE SQL PLANTIO'!B:B,'BASE SQL PLANTIO'!T:T,"verificar",0),"") -> CTC 9008 | I9: =IF(_xlfn.MINIFS('BASE SQL PLANTIO'!E:E,'BASE SQL PLANTIO'!B:B,VOOS!A9)=0/1/1900,"",_xlfn.MINIFS('BASE SQL PLANTIO'!E:E,'BASE SQL PLANTIO'!B:B,VOOS!A9)) -> 46122 | J9: PRÓPRIA | K9: =IF(I9="","",$K$3-I9) -> 41 | L9: =K9 -> 41
A10: =CONCATENATE(B10,"-",E10) -> 200518-3 | B10: 200518 | C10: FAZENDA CACHOEIRA DOS INDIOS | D10: CLEALCO | E10: 3 | F10: 38.12 | G10: =SUMIFS('BASE EXEC. Q.L'!N:N,'BASE EXEC. Q.L'!B:B,VOOS!A10) -> 0 | H10: =IFERROR(_xlfn.XLOOKUP(A10,'BASE SQL PLANTIO'!B:B,'BASE SQL PLANTIO'!T:T,"verificar",0),"") -> RB97 5242 | I10: =IF(_xlfn.MINIFS('BASE SQL PLANTIO'!E:E,'BASE SQL PLANTIO'!B:B,VOOS!A10)=0/1/1900,"",_xlfn.MINIFS('BASE SQL PLANTIO'!E:E,'BASE SQL PLANTIO'!B:B,VOOS!A10)) -> 46122 | J10: PRÓPRIA | K10: =IF(I10="","",$K$3-I10) -> 41 | L10: =K10 -> 41
A11: =CONCATENATE(B11,"-",E11) -> 200518-4 | B11: 200518 | C11: FAZENDA CACHOEIRA DOS INDIOS | D11: CLEALCO | E11: 4 | F11: 31.71 | G11: =SUMIFS('BASE EXEC. Q.L'!N:N,'BASE EXEC. Q.L'!B:B,VOOS!A11) -> 0 | H11: =IFERROR(_xlfn.XLOOKUP(A11,'BASE SQL PLANTIO'!B:B,'BASE SQL PLANTIO'!T:T,"verificar",0),"") -> CTC 9008 | I11: =IF(_xlfn.MINIFS('BASE SQL PLANTIO'!E:E,'BASE SQL PLANTIO'!B:B,VOOS!A11)=0/1/1900,"",_xlfn.MINIFS('BASE SQL PLANTIO'!E:E,'BASE SQL PLANTIO'!B:B,VOOS!A11)) -> 46128 | J11: PRÓPRIA | K11: =IF(I11="","",$K$3-I11) -> 35 | L11: =K11 -> 35
A12: =CONCATENATE(B12,"-",E12) -> 200518-5 | B12: 200518 | C12: FAZENDA CACHOEIRA DOS INDIOS | D12: CLEALCO | E12: 5 | F12: 32.07 | G12: =SUMIFS('BASE EXEC. Q.L'!N:N,'BASE EXEC. Q.L'!B:B,VOOS!A12) -> 0 | H12: =IFERROR(_xlfn.XLOOKUP(A12,'BASE SQL PLANTIO'!B:B,'BASE SQL PLANTIO'!T:T,"verificar",0),"") -> CTC 9008 | I12: =IF(_xlfn.MINIFS('BASE SQL PLANTIO'!E:E,'BASE SQL PLANTIO'!B:B,VOOS!A12)=0/1/1900,"",_xlfn.MINIFS('BASE SQL PLANTIO'!E:E,'BASE SQL PLANTIO'!B:B,VOOS!A12)) -> 46136 | J12: PRÓPRIA | K12: =IF(I12="","",$K$3-I12) -> 27 | L12: =K12 -> 27
A13: =CONCATENATE(B13,"-",E13) -> 200518-6 | B13: 200518 | C13: FAZENDA CACHOEIRA DOS INDIOS | D13: CLEALCO | E13: 6 | F13: 22.14 | G13: =SUMIFS('BASE EXEC. Q.L'!N:N,'BASE EXEC. Q.L'!B:B,VOOS!A13) -> 0 | H13: =IFERROR(_xlfn.XLOOKUP(A13,'BASE SQL PLANTIO'!B:B,'BASE SQL PLANTIO'!T:T,"verificar",0),"") -> RB97 5242 | I13: =IF(_xlfn.MINIFS('BASE SQL PLANTIO'!E:E,'BASE SQL PLANTIO'!B:B,VOOS!A13)=0/1/1900,"",_xlfn.MINIFS('BASE SQL PLANTIO'!E:E,'BASE SQL PLANTIO'!B:B,VOOS!A13)) -> 46138 | J13: PRÓPRIA | K13: =IF(I13="","",$K$3-I13) -> 25 | L13: =K13 -> 25
A14: =CONCATENATE(B14,"-",E14) -> 200518-7 | B14: 200518 | C14: FAZENDA CACHOEIRA DOS INDIOS | D14: CLEALCO | E14: 7 | F14: 19.44 | G14: =SUMIFS('BASE EXEC. Q.L'!N:N,'BASE EXEC. Q.L'!B:B,VOOS!A14) -> 0 | H14: =IFERROR(_xlfn.XLOOKUP(A14,'BASE SQL PLANTIO'!B:B,'BASE SQL PLANTIO'!T:T,"verificar",0),"") -> RB97 5242 | I14: =IF(_xlfn.MINIFS('BASE SQL PLANTIO'!E:E,'BASE SQL PLANTIO'!B:B,VOOS!A14)=0/1/1900,"",_xlfn.MINIFS('BASE SQL PLANTIO'!E:E,'BASE SQL PLANTIO'!B:B,VOOS!A14)) -> 46148 | J14: PRÓPRIA | K14: =IF(I14="","",$K$3-I14) -> 15 | L14: =K14 -> 15
A15: =CONCATENATE(B15,"-",E15) -> 200518-8 | B15: 200518 | C15: FAZENDA CACHOEIRA DOS INDIOS | D15: CLEALCO | E15: 8 | F15: 6.18 | G15: =SUMIFS('BASE EXEC. Q.L'!N:N,'BASE EXEC. Q.L'!B:B,VOOS!A15) -> 0 | H15: =IFERROR(_xlfn.XLOOKUP(A15,'BASE SQL PLANTIO'!B:B,'BASE SQL PLANTIO'!T:T,"verificar",0),"") -> CTC 9008 | I15: =IF(_xlfn.MINIFS('BASE SQL PLANTIO'!E:E,'BASE SQL PLANTIO'!B:B,VOOS!A15)=0/1/1900,"",_xlfn.MINIFS('BASE SQL PLANTIO'!E:E,'BASE SQL PLANTIO'!B:B,VOOS!A15)) -> 46142 | J15: PRÓPRIA | K15: =IF(I15="","",$K$3-I15) -> 21 | L15: =K15 -> 21
A16: =CONCATENATE(B16,"-",E16) -> 200518-9 | B16: 200518 | C16: FAZENDA CACHOEIRA DOS INDIOS | D16: CLEALCO | E16: 9 | F16: 22.84 | G16: =SUMIFS('BASE EXEC. Q.L'!N:N,'BASE EXEC. Q.L'!B:B,VOOS!A16) -> 0 | H16: =IFERROR(_xlfn.XLOOKUP(A16,'BASE SQL PLANTIO'!B:B,'BASE SQL PLANTIO'!T:T,"verificar",0),"") -> RB97 5242 | I16: =IF(_xlfn.MINIFS('BASE SQL PLANTIO'!E:E,'BASE SQL PLANTIO'!B:B,VOOS!A16)=0/1/1900,"",_xlfn.MINIFS('BASE SQL PLANTIO'!E:E,'BASE SQL PLANTIO'!B:B,VOOS!A16)) -> 46142 | J16: PRÓPRIA | K16: =IF(I16="","",$K$3-I16) -> 21 | L16: =K16 -> 21
A17: =CONCATENATE(B17,"-",E17) -> 200518-10 | B17: 200518 | C17: FAZENDA CACHOEIRA DOS INDIOS | D17: CLEALCO | E17: 10 | F17: 37.55 | G17: =SUMIFS('BASE EXEC. Q.L'!N:N,'BASE EXEC. Q.L'!B:B,VOOS!A17) -> 0 | H17: =IFERROR(_xlfn.XLOOKUP(A17,'BASE SQL PLANTIO'!B:B,'BASE SQL PLANTIO'!T:T,"verificar",0),"") -> RB97 5242 | I17: =IF(_xlfn.MINIFS('BASE SQL PLANTIO'!E:E,'BASE SQL PLANTIO'!B:B,VOOS!A17)=0/1/1900,"",_xlfn.MINIFS('BASE SQL PLANTIO'!E:E,'BASE SQL PLANTIO'!B:B,VOOS!A17)) -> 46137 | J17: PRÓPRIA | K17: =IF(I17="","",$K$3-I17) -> 26 | L17: =K17 -> 26
A18: =CONCATENATE(B18,"-",E18) -> 200518-11 | B18: 200518 | C18: FAZENDA CACHOEIRA DOS INDIOS | D18: CLEALCO | E18: 11 | F18: 26.67 | G18: =SUMIFS('BASE EXEC. Q.L'!N:N,'BASE EXEC. Q.L'!B:B,VOOS!A18) -> 0 | H18: =IFERROR(_xlfn.XLOOKUP(A18,'BASE SQL PLANTIO'!B:B,'BASE SQL PLANTIO'!T:T,"verificar",0),"") -> RB97 5242 | I18: =IF(_xlfn.MINIFS('BASE SQL PLANTIO'!E:E,'BASE SQL PLANTIO'!B:B,VOOS!A18)=0/1/1900,"",_xlfn.MINIFS('BASE SQL PLANTIO'!E:E,'BASE SQL PLANTIO'!B:B,VOOS!A18)) -> 46141 | J18: PRÓPRIA | K18: =IF(I18="","",$K$3-I18) -> 22 | L18: =K18 -> 22
A19: =CONCATENATE(B19,"-",E19) -> 200518-12 | B19: 200518 | C19: FAZENDA CACHOEIRA DOS INDIOS | D19: CLEALCO | E19: 12 | F19: 22.43 | G19: =SUMIFS('BASE EXEC. Q.L'!N:N,'BASE EXEC. Q.L'!B:B,VOOS!A19) -> 0 | H19: =IFERROR(_xlfn.XLOOKUP(A19,'BASE SQL PLANTIO'!B:B,'BASE SQL PLANTIO'!T:T,"verificar",0),"") -> CTC 9008 | I19: =IF(_xlfn.MINIFS('BASE SQL PLANTIO'!E:E,'BASE SQL PLANTIO'!B:B,VOOS!A19)=0/1/1900,"",_xlfn.MINIFS('BASE SQL PLANTIO'!E:E,'BASE SQL PLANTIO'!B:B,VOOS!A19)) -> 46139 | J19: PRÓPRIA | K19: =IF(I19="","",$K$3-I19) -> 24 | L19: =K19 -> 24
... A99: =CONCATENATE(B99,"-",E99) -> 208097-18 | B99: 208097 | C99: FAZENDA SANTA CECILIA | D99: CLEALCO | E99: 18 | F99: 6.48 | G99: =SUMIFS('BASE EXEC. Q.L'!N:N,'BASE EXEC. Q.L'!B:B,VOOS!A99) -> 0 | H99: =IFERROR(_xlfn.XLOOKUP(A99,'BASE SQL PLANTIO'!B:B,'BASE SQL PLANTIO'!T:T,"verificar",0),"") -> CTC 9008 | I99: =IF(_xlfn.MINIFS('BASE SQL PLANTIO'!E:E,'BASE SQL PLANTIO'!B:B,VOOS!A99)=0/1/1900,"",_xlfn.MINIFS('BASE SQL PLANTIO'!E:E,'BASE SQL PLANTIO'!B:B,VOOS!A99)) -> 46111 | J99: PRÓPRIA | K99: =IF(I99="","",$K$3-I99) -> 52 | L99: =K99 -> 52
A100: =CONCATENATE(B100,"-",E100) -> - | G100: =SUMIFS('BASE EXEC. Q.L'!N:N,'BASE EXEC. Q.L'!B:B,VOOS!A100) -> 0 | H100: =IFERROR(_xlfn.XLOOKUP(A100,'BASE SQL PLANTIO'!B:B,'BASE SQL PLANTIO'!T:T,"verificar",0),"") | I100: =IF(_xlfn.MINIFS('BASE SQL PLANTIO'!E:E,'BASE SQL PLANTIO'!B:B,VOOS!A100)=0/1/1900,"",_xlfn.MINIFS('BASE SQL PLANTIO'!E:E,'BASE SQL PLANTIO'!B:B,VOOS!A100)) | K100: =IF(I100="","",$K$3-I100) | L100: =K100
A101: =CONCATENATE(B101,"-",E101) -> - | G101: =SUMIFS('BASE EXEC. Q.L'!N:N,'BASE EXEC. Q.L'!B:B,VOOS!A101) -> 0 | H101: =IFERROR(_xlfn.XLOOKUP(A101,'BASE SQL PLANTIO'!B:B,'BASE SQL PLANTIO'!T:T,"verificar",0),"") | I101: =IF(_xlfn.MINIFS('BASE SQL PLANTIO'!E:E,'BASE SQL PLANTIO'!B:B,VOOS!A101)=0/1/1900,"",_xlfn.MINIFS('BASE SQL PLANTIO'!E:E,'BASE SQL PLANTIO'!B:B,VOOS!A101)) | K101: =IF(I101="","",$K$3-I101) | L101: =K101
A102: =CONCATENATE(B102,"-",E102) -> - | G102: =SUMIFS('BASE EXEC. Q.L'!N:N,'BASE EXEC. Q.L'!B:B,VOOS!A102) -> 0 | H102: =IFERROR(_xlfn.XLOOKUP(A102,'BASE SQL PLANTIO'!B:B,'BASE SQL PLANTIO'!T:T,"verificar",0),"") | I102: =IF(_xlfn.MINIFS('BASE SQL PLANTIO'!E:E,'BASE SQL PLANTIO'!B:B,VOOS!A102)=0/1/1900,"",_xlfn.MINIFS('BASE SQL PLANTIO'!E:E,'BASE SQL PLANTIO'!B:B,VOOS!A102)) | K102: =IF(I102="","",$K$3-I102) | L102: =K102
A103: =CONCATENATE(B103,"-",E103) -> - | G103: =SUMIFS('BASE EXEC. Q.L'!N:N,'BASE EXEC. Q.L'!B:B,VOOS!A103) -> 0 | H103: =IFERROR(_xlfn.XLOOKUP(A103,'BASE SQL PLANTIO'!B:B,'BASE SQL PLANTIO'!T:T,"verificar",0),"") | I103: =IF(_xlfn.MINIFS('BASE SQL PLANTIO'!E:E,'BASE SQL PLANTIO'!B:B,VOOS!A103)=0/1/1900,"",_xlfn.MINIFS('BASE SQL PLANTIO'!E:E,'BASE SQL PLANTIO'!B:B,VOOS!A103)) | K103: =IF(I103="","",$K$3-I103) | L103: =K103
A104: =CONCATENATE(B104,"-",E104) -> - | G104: =SUMIFS('BASE EXEC. Q.L'!N:N,'BASE EXEC. Q.L'!B:B,VOOS!A104) -> 0 | H104: =IFERROR(_xlfn.XLOOKUP(A104,'BASE SQL PLANTIO'!B:B,'BASE SQL PLANTIO'!T:T,"verificar",0),"") | I104: =IF(_xlfn.MINIFS('BASE SQL PLANTIO'!E:E,'BASE SQL PLANTIO'!B:B,VOOS!A104)=0/1/1900,"",_xlfn.MINIFS('BASE SQL PLANTIO'!E:E,'BASE SQL PLANTIO'!B:B,VOOS!A104)) | K104: =IF(I104="","",$K$3-I104) | L104: =K104
A105: =CONCATENATE(B105,"-",E105) -> - | G105: =SUMIFS('BASE EXEC. Q.L'!N:N,'BASE EXEC. Q.L'!B:B,VOOS!A105) -> 0 | H105: =IFERROR(_xlfn.XLOOKUP(A105,'BASE SQL PLANTIO'!B:B,'BASE SQL PLANTIO'!T:T,"verificar",0),"") | I105: =IF(_xlfn.MINIFS('BASE SQL PLANTIO'!E:E,'BASE SQL PLANTIO'!B:B,VOOS!A105)=0/1/1900,"",_xlfn.MINIFS('BASE SQL PLANTIO'!E:E,'BASE SQL PLANTIO'!B:B,VOOS!A105)) | K105: =IF(I105="","",$K$3-I105) | L105: =K105
A106: =CONCATENATE(B106,"-",E106) -> - | G106: =SUMIFS('BASE EXEC. Q.L'!N:N,'BASE EXEC. Q.L'!B:B,VOOS!A106) -> 0 | H106: =IFERROR(_xlfn.XLOOKUP(A106,'BASE SQL PLANTIO'!B:B,'BASE SQL PLANTIO'!T:T,"verificar",0),"") | I106: =IF(_xlfn.MINIFS('BASE SQL PLANTIO'!E:E,'BASE SQL PLANTIO'!B:B,VOOS!A106)=0/1/1900,"",_xlfn.MINIFS('BASE SQL PLANTIO'!E:E,'BASE SQL PLANTIO'!B:B,VOOS!A106)) | K106: =IF(I106="","",$K$3-I106) | L106: =K106
A107: =CONCATENATE(B107,"-",E107) -> - | G107: =SUMIFS('BASE EXEC. Q.L'!N:N,'BASE EXEC. Q.L'!B:B,VOOS!A107) -> 0 | H107: =IFERROR(_xlfn.XLOOKUP(A107,'BASE SQL PLANTIO'!B:B,'BASE SQL PLANTIO'!T:T,"verificar",0),"") | I107: =IF(_xlfn.MINIFS('BASE SQL PLANTIO'!E:E,'BASE SQL PLANTIO'!B:B,VOOS!A107)=0/1/1900,"",_xlfn.MINIFS('BASE SQL PLANTIO'!E:E,'BASE SQL PLANTIO'!B:B,VOOS!A107)) | K107: =IF(I107="","",$K$3-I107) | L107: =K107
A108: =CONCATENATE(B108,"-",E108) -> - | G108: =SUMIFS('BASE EXEC. Q.L'!N:N,'BASE EXEC. Q.L'!B:B,VOOS!A108) -> 0 | H108: =IFERROR(_xlfn.XLOOKUP(A108,'BASE SQL PLANTIO'!B:B,'BASE SQL PLANTIO'!T:T,"verificar",0),"") | I108: =IF(_xlfn.MINIFS('BASE SQL PLANTIO'!E:E,'BASE SQL PLANTIO'!B:B,VOOS!A108)=0/1/1900,"",_xlfn.MINIFS('BASE SQL PLANTIO'!E:E,'BASE SQL PLANTIO'!B:B,VOOS!A108)) | K108: =IF(I108="","",$K$3-I108) | L108: =K108
A109: =CONCATENATE(B109,"-",E109) -> - | G109: =SUMIFS('BASE EXEC. Q.L'!N:N,'BASE EXEC. Q.L'!B:B,VOOS!A109) -> 0 | H109: =IFERROR(_xlfn.XLOOKUP(A109,'BASE SQL PLANTIO'!B:B,'BASE SQL PLANTIO'!T:T,"verificar",0),"") | I109: =IF(_xlfn.MINIFS('BASE SQL PLANTIO'!E:E,'BASE SQL PLANTIO'!B:B,VOOS!A109)=0/1/1900,"",_xlfn.MINIFS('BASE SQL PLANTIO'!E:E,'BASE SQL PLANTIO'!B:B,VOOS!A109)) | K109: =IF(I109="","",$K$3-I109) | L109: =K109
A110: =CONCATENATE(B110,"-",E110) -> - | G110: =SUMIFS('BASE EXEC. Q.L'!N:N,'BASE EXEC. Q.L'!B:B,VOOS!A110) -> 0 | H110: =IFERROR(_xlfn.XLOOKUP(A110,'BASE SQL PLANTIO'!B:B,'BASE SQL PLANTIO'!T:T,"verificar",0),"") | I110: =IF(_xlfn.MINIFS('BASE SQL PLANTIO'!E:E,'BASE SQL PLANTIO'!B:B,VOOS!A110)=0/1/1900,"",_xlfn.MINIFS('BASE SQL PLANTIO'!E:E,'BASE SQL PLANTIO'!B:B,VOOS!A110)) | K110: =IF(I110="","",$K$3-I110) | L110: =K110
A111: =CONCATENATE(B111,"-",E111) -> - | G111: =SUMIFS('BASE EXEC. Q.L'!N:N,'BASE EXEC. Q.L'!B:B,VOOS!A111) -> 0 | H111: =IFERROR(_xlfn.XLOOKUP(A111,'BASE SQL PLANTIO'!B:B,'BASE SQL PLANTIO'!T:T,"verificar",0),"") | I111: =IF(_xlfn.MINIFS('BASE SQL PLANTIO'!E:E,'BASE SQL PLANTIO'!B:B,VOOS!A111)=0/1/1900,"",_xlfn.MINIFS('BASE SQL PLANTIO'!E:E,'BASE SQL PLANTIO'!B:B,VOOS!A111)) | K111: =IF(I111="","",$K$3-I111) | L111: =K111
... A1742: =CONCATENATE(B1742,"-",E1742) -> - | G1742: =SUMIFS('BASE EXEC. Q.L'!N:N,'BASE EXEC. Q.L'!B:B,VOOS!A1742) -> 0 | H1742: =IFERROR(_xlfn.XLOOKUP(A1742,'BASE SQL PLANTIO'!B:B,'BASE SQL PLANTIO'!T:T,"verificar",0),"") | I1742: =IF(_xlfn.MINIFS('BASE SQL PLANTIO'!E:E,'BASE SQL PLANTIO'!B:B,VOOS!A1742)=0/1/1900,"",_xlfn.MINIFS('BASE SQL PLANTIO'!E:E,'BASE SQL PLANTIO'!B:B,VOOS!A1742)) | K1742: =IF(I1742="","",$K$3-I1742) | L1742: =K1742

Sheet RESUMO F.A PLANTADO
A3: CD_FAZENDA | B3: DE_FAZENDA | C3: TALHÃO | D3: Soma de QT_AREA
A4: 200509 | B4: SITIO FUKUDA | C4: 1 | D4: 17.12
A5: 200509 | B5: SITIO FUKUDA | C5: 2 | D5: 0.6
A6: 200509 | B6: SITIO FUKUDA | C6: 3 | D6: 21.19
A7: 200518 | B7: FAZENDA CACHOEIRA DOS INDIOS | C7: 1 | D7: 32.25
A8: 200518 | B8: FAZENDA CACHOEIRA DOS INDIOS | C8: 2 | D8: 35.27
A9: 200518 | B9: FAZENDA CACHOEIRA DOS INDIOS | C9: 3 | D9: 38.12
A10: 200518 | B10: FAZENDA CACHOEIRA DOS INDIOS | C10: 4 | D10: 31.71
A11: 200518 | B11: FAZENDA CACHOEIRA DOS INDIOS | C11: 5 | D11: 32.07
A12: 200518 | B12: FAZENDA CACHOEIRA DOS INDIOS | C12: 6 | D12: 22.14
A13: 200518 | B13: FAZENDA CACHOEIRA DOS INDIOS | C13: 7 | D13: 19.44
A14: 200518 | B14: FAZENDA CACHOEIRA DOS INDIOS | C14: 8 | D14: 6.18
A15: 200518 | B15: FAZENDA CACHOEIRA DOS INDIOS | C15: 9 | D15: 22.84
... A98: 208097 | B98: FAZENDA SANTA CECILIA | C98: 18 | D98: 6.48
A99: (vazio) | B99: (vazio) | C99: (vazio)
A100: Total Geral | D100: 2349.94

Sheet BASE EXEC. Q.L
B1: CHAVE F.A & TALHÃO | C1: CHAVE: F.A & TALHÃO & CUSTO & OPERAÇÃO | D1: CÓDIGOCUSTO | E1: DESCRIÇÃO CUSTO | F1: CÓDIGO OPERAÇÃO | G1: OPERAÇÃO | H1: CÓDIGO F.A | I1: DESCRIÇÃO F.A | J1: DESCRIÇÃO | K1: DESCRIÇÃO ZONA | L1: TALHÃO | M1: DATA | N1: PRODUÇÃO | O1: UNIDADE | P1: CALC. DATA X ÁREA | Q1: DATA PONDERADA | R1: MÊS APLICAÇÃO
B2: 208066-1 | C2: 208066-1-250301-1053 | D2: 250301 | E2: TRATOS CANA PLANTA | F2: 1053 | G2: QUEBRA LOMBO ADUBO HERBIC | H2: 208066 | I2: SITIO SANTA TEREZINHA | J2: 1 | K2: STI SANTA TEREZINHA | L2: 1 | M2: 46135 | N2: 10.71 | O2: HA | P2: 494105.85 | Q2: 46135 | R2: Abr
B3: 208066-3 | C3: 208066-3-250301-1053 | D3: 250301 | E3: TRATOS CANA PLANTA | F3: 1053 | G3: QUEBRA LOMBO ADUBO HERBIC | H3: 208066 | I3: SITIO SANTA TEREZINHA | J3: 1 | K3: STI SANTA TEREZINHA | L3: 3 | M3: 46135 | N3: 4 | O3: HA | P3: 184540 | Q3: 46135 | R3: Abr
B4: 202806-13 | C4: 202806-13-250301-1211 | D4: 250301 | E4: TRATOS CANA PLANTA | F4: 1211 | G4: QUEBRA LOMBO HERBICIDA | H4: 202806 | I4: FAZENDA SAO FRANCISCO II | J4: 1 | K4: FAZENDA SAO FRANCISCO II | L4: 13 | M4: 46135 | N4: 6 | O4: HA | P4: 276810 | Q4: 46139.364 | R4: Abr
B5: 202806-15 | C5: 202806-15-250301-1211 | D5: 250301 | E5: TRATOS CANA PLANTA | F5: 1211 | G5: QUEBRA LOMBO HERBICIDA | H5: 202806 | I5: FAZENDA SAO FRANCISCO II | J5: 1 | K5: FAZENDA SAO FRANCISCO II | L5: 15 | M5: 46135 | N5: 3 | O5: HA | P5: 138405 | Q5: 46139.062 | R5: Abr
B6: 202806-16 | C6: 202806-16-250301-1211 | D6: 250301 | E6: TRATOS CANA PLANTA | F6: 1211 | G6: QUEBRA LOMBO HERBICIDA | H6: 202806 | I6: FAZENDA SAO FRANCISCO II | J6: 1 | K6: FAZENDA SAO FRANCISCO II | L6: 16 | M6: 46135 | N6: 2 | O6: HA | P6: 92270 | Q6: 46138.2 | R6: Abr
B7: 202806-13 | C7: 202806-13-250301-1211 | D7: 250301 | E7: TRATOS CANA PLANTA | F7: 1211 | G7: QUEBRA LOMBO HERBICIDA | H7: 202806 | I7: FAZENDA SAO FRANCISCO II | J7: 1 | K7: FAZENDA SAO FRANCISCO II | L7: 13 | M7: 46137 | N7: 8 | O7: HA | P7: 369096 | Q7: 46139.364 | R7: Abr
B8: 202806-15 | C8: 202806-15-250301-1211 | D8: 250301 | E8: TRATOS CANA PLANTA | F8: 1211 | G8: QUEBRA LOMBO HERBICIDA | H8: 202806 | I8: FAZENDA SAO FRANCISCO II | J8: 1 | K8: FAZENDA SAO FRANCISCO II | L8: 15 | M8: 46137 | N8: 20 | O8: HA | P8: 922740 | Q8: 46139.062 | R8: Abr
B9: 202806-16 | C9: 202806-16-250301-1211 | D9: 250301 | E9: TRATOS CANA PLANTA | F9: 1211 | G9: QUEBRA LOMBO HERBICIDA | H9: 202806 | I9: FAZENDA SAO FRANCISCO II | J9: 1 | K9: FAZENDA SAO FRANCISCO II | L9: 16 | M9: 46137 | N9: 6 | O9: HA | P9: 276822 | Q9: 46138.2 | R9: Abr
B10: 202806-13 | C10: 202806-13-250301-1211 | D10: 250301 | E10: TRATOS CANA PLANTA | F10: 1211 | G10: QUEBRA LOMBO HERBICIDA | H10: 202806 | I10: FAZENDA SAO FRANCISCO II | J10: 1 | K10: FAZENDA SAO FRANCISCO II | L10: 13 | M10: 46145 | N10: 8 | O10: HA | P10: 369160 | Q10: 46139.364 | R10: Mai
B11: 202806-14 | C11: 202806-14-250301-1211 | D11: 250301 | E11: TRATOS CANA PLANTA | F11: 1211 | G11: QUEBRA LOMBO HERBICIDA | H11: 202806 | I11: FAZENDA SAO FRANCISCO II | J11: 1 | K11: FAZENDA SAO FRANCISCO II | L11: 14 | M11: 46145 | N11: 3 | O11: HA | P11: 138435 | Q11: 46145 | R11: Mai
B12: 202806-15 | C12: 202806-15-250301-1211 | D12: 250301 | E12: TRATOS CANA PLANTA | F12: 1211 | G12: QUEBRA LOMBO HERBICIDA | H12: 202806 | I12: FAZENDA SAO FRANCISCO II | J12: 1 | K12: FAZENDA SAO FRANCISCO II | L12: 15 | M12: 46145 | N12: 9 | O12: HA | P12: 415305 | Q12: 46139.062 | R12: Mai
B13: 202806-16 | C13: 202806-16-250301-1211 | D13: 250301 | E13: TRATOS CANA PLANTA | F13: 1211 | G13: QUEBRA LOMBO HERBICIDA | H13: 202806 | I13: FAZENDA SAO FRANCISCO II | J13: 1 | K13: FAZENDA SAO FRANCISCO II | L13: 16 | M13: 46145 | N13: 2 | O13: HA | P13: 92290 | Q13: 46138.2 | R13: Mai

Sheet BASE SQL PLANTIO
B1: CHAVE | C1: NO_BOLETIM | D1: NO_OS | E1: DT_PLANTIO | F1: CD_SIST_PLAN | G1: DE_SIST_PLAN | H1: CD_FAZENDA | I1: DE_FAZENDA | J1: ZONA | K1: TALHÃO | L1: CD_VARIED | M1: DE_VARIED | N1: QT_AREA | O1: CALC. DATA X ÁREA | P1: DATA PONDERADA | Q1: DIAS DE BROTA DATA PLANTIO | R1: DIAS DE BROTA DATA MÉDIA TALHÃO | S1: CALC. VARIEDADE PREDOMINANTE | T1: VARIEDADE PREDOMINANTE
B2: =CONCATENATE(H2,"-",K2) -> 208066-1 | C2: 1540 | D2: 8231 | E2: 46082 | F2: 3 | G2: MECANIZADO | H2: 208066 | I2: SITIO SANTA TEREZINHA | J2: 1 | K2: 1 | L2: 71 | M2: CTC 9008 | N2: 10.71 | O2: =IFERROR(E2*N2,"") -> 493538.22 | P2: =IFERROR(SUMIFS(O:O,B:B,B2)/SUMIFS(N:N,B:B,B2),"") -> 46082 | Q2: =TODAY()-E2 -> 81 | R2: =TODAY()-P2 -> 81 | S2: =SUMIFS(N:N,B:B,B2,M:M,M2)/SUMIFS(N:N,B:B,B2) -> 1 | T2: =_xlfn.XLOOKUP(_xlfn.MAXIFS(S:S,H:H,H2,K:K,K2),S:S,M:M) -> CTC 9008
B3: =CONCATENATE(H3,"-",K3) -> 208066-3 | C3: 1541 | D3: 8231 | E3: 46082 | F3: 3 | G3: MECANIZADO | H3: 208066 | I3: SITIO SANTA TEREZINHA | J3: 1 | K3: 3 | L3: 71 | M3: CTC 9008 | N3: 4 | O3: =IFERROR(E3*N3,"") -> 184328 | P3: =IFERROR(SUMIFS(O:O,B:B,B3)/SUMIFS(N:N,B:B,B3),"") -> 46082 | Q3: =TODAY()-E3 -> 81 | R3: =TODAY()-P3 -> 81 | S3: =SUMIFS(N:N,B:B,B3,M:M,M3)/SUMIFS(N:N,B:B,B3) -> 1 | T3: =_xlfn.XLOOKUP(_xlfn.MAXIFS(S:S,H:H,H3,K:K,K3),S:S,M:M) -> CTC 9008
B4: =CONCATENATE(H4,"-",K4) -> 202806-14 | C4: 1542 | D4: 8266 | E4: 46082 | F4: 3 | G4: MECANIZADO | H4: 202806 | I4: FAZENDA SAO FRANCISCO II | J4: 1 | K4: 14 | L4: 70 | M4: CTC 3445 | N4: 14.1 | O4: =IFERROR(E4*N4,"") -> 649756.2 | P4: =IFERROR(SUMIFS(O:O,B:B,B4)/SUMIFS(N:N,B:B,B4),"") -> 46082.904 | Q4: =TODAY()-E4 -> 81 | R4: =TODAY()-P4 -> 80.096116 | S4: =SUMIFS(N:N,B:B,B4,M:M,M4)/SUMIFS(N:N,B:B,B4) -> 0.6963425 | T4: =_xlfn.XLOOKUP(_xlfn.MAXIFS(S:S,H:H,H4,K:K,K4),S:S,M:M) -> CTC 3445
B5: =CONCATENATE(H5,"-",K5) -> 202806-15 | C5: 1543 | D5: 8266 | E5: 46082 | F5: 3 | G5: MECANIZADO | H5: 202806 | I5: FAZENDA SAO FRANCISCO II | J5: 1 | K5: 15 | L5: 70 | M5: CTC 3445 | N5: 9 | O5: =IFERROR(E5*N5,"") -> 414738 | P5: =IFERROR(SUMIFS(O:O,B:B,B5)/SUMIFS(N:N,B:B,B5),"") -> 46083.191 | Q5: =TODAY()-E5 -> 81 | R5: =TODAY()-P5 -> 79.808946 | S5: =SUMIFS(N:N,B:B,B5,M:M,M5)/SUMIFS(N:N,B:B,B5) -> 0.59481323 | T5: =_xlfn.XLOOKUP(_xlfn.MAXIFS(S:S,H:H,H5,K:K,K5),S:S,M:M) -> CTC 3445
B6: =CONCATENATE(H6,"-",K6) -> 202806-14 | C6: 1544 | D6: 8266 | E6: 46083 | F6: 3 | G6: MECANIZADO | H6: 202806 | I6: FAZENDA SAO FRANCISCO II | J6: 1 | K6: 14 | L6: 70 | M6: CTC 3445 | N6: 10.46 | O6: =IFERROR(E6*N6,"") -> 482028.18 | P6: =IFERROR(SUMIFS(O:O,B:B,B6)/SUMIFS(N:N,B:B,B6),"") -> 46082.904 | Q6: =TODAY()-E6 -> 80 | R6: =TODAY()-P6 -> 80.096116 | S6: =SUMIFS(N:N,B:B,B6,M:M,M6)/SUMIFS(N:N,B:B,B6) -> 0.6963425 | T6: =_xlfn.XLOOKUP(_xlfn.MAXIFS(S:S,H:H,H6,K:K,K6),S:S,M:M) -> CTC 3445
B7: =CONCATENATE(H7,"-",K7) -> 202806-15 | C7: 1545 | D7: 8266 | E7: 46083 | F7: 3 | G7: MECANIZADO | H7: 202806 | I7: FAZENDA SAO FRANCISCO II | J7: 1 | K7: 15 | L7: 70 | M7: CTC 3445 | N7: 16 | O7: =IFERROR(E7*N7,"") -> 737328 | P7: =IFERROR(SUMIFS(O:O,B:B,B7)/SUMIFS(N:N,B:B,B7),"") -> 46083.191 | Q7: =TODAY()-E7 -> 80 | R7: =TODAY()-P7 -> 79.808946 | S7: =SUMIFS(N:N,B:B,B7,M:M,M7)/SUMIFS(N:N,B:B,B7) -> 0.59481323 | T7: =_xlfn.XLOOKUP(_xlfn.MAXIFS(S:S,H:H,H7,K:K,K7),S:S,M:M) -> CTC 3445
B8: =CONCATENATE(H8,"-",K8) -> 202806-14 | C8: 1546 | D8: 8266 | E8: 46084 | F8: 3 | G8: MECANIZADO | H8: 202806 | I8: FAZENDA SAO FRANCISCO II | J8: 1 | K8: 14 | L8: 57 | M8: CTC-9006 | N8: 10.71 | O8: =IFERROR(E8*N8,"") -> 493559.64 | P8: =IFERROR(SUMIFS(O:O,B:B,B8)/SUMIFS(N:N,B:B,B8),"") -> 46082.904 | Q8: =TODAY()-E8 -> 79 | R8: =TODAY()-P8 -> 80.096116 | S8: =SUMIFS(N:N,B:B,B8,M:M,M8)/SUMIFS(N:N,B:B,B8) -> 0.3036575 | T8: =_xlfn.XLOOKUP(_xlfn.MAXIFS(S:S,H:H,H8,K:K,K8),S:S,M:M) -> CTC 3445
B9: =CONCATENATE(H9,"-",K9) -> 202806-15 | C9: 1547 | D9: 8266 | E9: 46084 | F9: 3 | G9: MECANIZADO | H9: 202806 | I9: FAZENDA SAO FRANCISCO II | J9: 1 | K9: 15 | L9: 57 | M9: CTC-9006 | N9: 17.03 | O9: =IFERROR(E9*N9,"") -> 784810.52 | P9: =IFERROR(SUMIFS(O:O,B:B,B9)/SUMIFS(N:N,B:B,B9),"") -> 46083.191 | Q9: =TODAY()-E9 -> 79 | R9: =TODAY()-P9 -> 79.808946 | S9: =SUMIFS(N:N,B:B,B9,M:M,M9)/SUMIFS(N:N,B:B,B9) -> 0.40518677 | T9: =_xlfn.XLOOKUP(_xlfn.MAXIFS(S:S,H:H,H9,K:K,K9),S:S,M:M) -> CTC 3445
B10: =CONCATENATE(H10,"-",K10) -> 202806-16 | C10: 1548 | D10: 8266 | E10: 46084 | F10: 3 | G10: MECANIZADO | H10: 202806 | I10: FAZENDA SAO FRANCISCO II | J10: 1 | K10: 16 | L10: 57 | M10: CTC-9006 | N10: 3.97 | O10: =IFERROR(E10*N10,"") -> 182953.48 | P10: =IFERROR(SUMIFS(O:O,B:B,B10)/SUMIFS(N:N,B:B,B10),"") -> 46087.198 | Q10: =TODAY()-E10 -> 79 | R10: =TODAY()-P10 -> 75.802013 | S10: =SUMIFS(N:N,B:B,B10,M:M,M10)/SUMIFS(N:N,B:B,B10) -> 0.099874214 | T10: =_xlfn.XLOOKUP(_xlfn.MAXIFS(S:S,H:H,H10,K:K,K10),S:S,M:M) -> RB97 5242
B11: =CONCATENATE(H11,"-",K11) -> 202806-13 | C11: 1549 | D11: 8277 | E11: 46085 | F11: 3 | G11: MECANIZADO | H11: 202806 | I11: FAZENDA SAO FRANCISCO II | J11: 1 | K11: 13 | L11: 4 | M11: RB97 5242 | N11: 21.95 | O11: =IFERROR(E11*N11,"") -> 1011565.8 | P11: =IFERROR(SUMIFS(O:O,B:B,B11)/SUMIFS(N:N,B:B,B11),"") -> 46085.381 | Q11: =TODAY()-E11 -> 78 | R11: =TODAY()-P11 -> 77.619182 | S11: =SUMIFS(N:N,B:B,B11,M:M,M11)/SUMIFS(N:N,B:B,B11) -> 1 | T11: =_xlfn.XLOOKUP(_xlfn.MAXIFS(S:S,H:H,H11,K:K,K11),S:S,M:M) -> CTC 9008
B12: =CONCATENATE(H12,"-",K12) -> 202806-13 | C12: 1550 | D12: 8277 | E12: 46086 | F12: 3 | G12: MECANIZADO | H12: 202806 | I12: FAZENDA SAO FRANCISCO II | J12: 1 | K12: 13 | L12: 4 | M12: RB97 5242 | N12: 13.5 | O12: =IFERROR(E12*N12,"") -> 622161 | P12: =IFERROR(SUMIFS(O:O,B:B,B12)/SUMIFS(N:N,B:B,B12),"") -> 46085.381 | Q12: =TODAY()-E12 -> 77 | R12: =TODAY()-P12 -> 77.619182 | S12: =SUMIFS(N:N,B:B,B12,M:M,M12)/SUMIFS(N:N,B:B,B12) -> 1 | T12: =_xlfn.XLOOKUP(_xlfn.MAXIFS(S:S,H:H,H12,K:K,K12),S:S,M:M) -> CTC 9008
B13: =CONCATENATE(H13,"-",K13) -> 202806-16 | C13: 1551 | D13: 8266 | E13: 46086 | F13: 3 | G13: MECANIZADO | H13: 202806 | I13: FAZENDA SAO FRANCISCO II | J13: 1 | K13: 16 | L13: 4 | M13: RB97 5242 | N13: 10.7 | O13: =IFERROR(E13*N13,"") -> 493120.2 | P13: =IFERROR(SUMIFS(O:O,B:B,B13)/SUMIFS(N:N,B:B,B13),"") -> 46087.198 | Q13: =TODAY()-E13 -> 77 | R13: =TODAY()-P13 -> 75.802013 | S13: =SUMIFS(N:N,B:B,B13,M:M,M13)/SUMIFS(N:N,B:B,B13) -> 0.90012579 | T13: =_xlfn.XLOOKUP(_xlfn.MAXIFS(S:S,H:H,H13,K:K,K13),S:S,M:M) -> RB97 5242
... B272: =CONCATENATE(H272,"-",K272) -> 202001-1 | C272: 1822 | D272: 9087 | E272: 46161 | F272: 3 | G272: MECANIZADO | H272: 202001 | I272: FAZENDA SANTA TEREZINHA III | J272: 1 | K272: 1 | L272: 5 | M272: RB97 5201 | N272: 5.47 | O272: =IFERROR(E272*N272,"") -> 252500.67 | P272: =IFERROR(SUMIFS(O:O,B:B,B272)/SUMIFS(N:N,B:B,B272),"") -> 46160.432 | Q272: =TODAY()-E272 -> 2 | R272: =TODAY()-P272 -> 2.5680628 | S272: =SUMIFS(N:N,B:B,B272,M:M,M272)/SUMIFS(N:N,B:B,B272) -> 0.71596859 | T272: =_xlfn.XLOOKUP(_xlfn.MAXIFS(S:S,H:H,H272,K:K,K272),S:S,M:M) -> RB97 5201
B273: =CONCATENATE(H273,"-",K273) -> - | O273: =IFERROR(E273*N273,"") -> 0 | P273: =IFERROR(SUMIFS(O:O,B:B,B273)/SUMIFS(N:N,B:B,B273),"") | Q273: =TODAY()-E273 -> 46163 | R273: =TODAY()-P273 -> #VALUE! | S273: =SUMIFS(N:N,B:B,B273,M:M,M273)/SUMIFS(N:N,B:B,B273) -> #DIV/0! | T273: =_xlfn.XLOOKUP(_xlfn.MAXIFS(S:S,H:H,H273,K:K,K273),S:S,M:M) -> #N/A
B274: =CONCATENATE(H274,"-",K274) -> - | O274: =IFERROR(E274*N274,"") -> 0 | P274: =IFERROR(SUMIFS(O:O,B:B,B274)/SUMIFS(N:N,B:B,B274),"") | Q274: =TODAY()-E274 -> 46163 | R274: =TODAY()-P274 -> #VALUE! | S274: =SUMIFS(N:N,B:B,B274,M:M,M274)/SUMIFS(N:N,B:B,B274) -> #DIV/0! | T274: =_xlfn.XLOOKUP(_xlfn.MAXIFS(S:S,H:H,H274,K:K,K274),S:S,M:M) -> #N/A
B275: =CONCATENATE(H275,"-",K275) -> - | O275: =IFERROR(E275*N275,"") -> 0 | P275: =IFERROR(SUMIFS(O:O,B:B,B275)/SUMIFS(N:N,B:B,B275),"") | Q275: =TODAY()-E275 -> 46163 | R275: =TODAY()-P275 -> #VALUE! | S275: =SUMIFS(N:N,B:B,B275,M:M,M275)/SUMIFS(N:N,B:B,B275) -> #DIV/0! | T275: =_xlfn.XLOOKUP(_xlfn.MAXIFS(S:S,H:H,H275,K:K,K275),S:S,M:M) -> #N/A
B276: =CONCATENATE(H276,"-",K276) -> - | O276: =IFERROR(E276*N276,"") -> 0 | P276: =IFERROR(SUMIFS(O:O,B:B,B276)/SUMIFS(N:N,B:B,B276),"") | Q276: =TODAY()-E276 -> 46163 | R276: =TODAY()-P276 -> #VALUE! | S276: =SUMIFS(N:N,B:B,B276,M:M,M276)/SUMIFS(N:N,B:B,B276) -> #DIV/0! | T276: =_xlfn.XLOOKUP(_xlfn.MAXIFS(S:S,H:H,H276,K:K,K276),S:S,M:M) -> #N/A
B277: =CONCATENATE(H277,"-",K277) -> - | O277: =IFERROR(E277*N277,"") -> 0 | P277: =IFERROR(SUMIFS(O:O,B:B,B277)/SUMIFS(N:N,B:B,B277),"") | Q277: =TODAY()-E277 -> 46163 | R277: =TODAY()-P277 -> #VALUE! | S277: =SUMIFS(N:N,B:B,B277,M:M,M277)/SUMIFS(N:N,B:B,B277) -> #DIV/0! | T277: =_xlfn.XLOOKUP(_xlfn.MAXIFS(S:S,H:H,H277,K:K,K277),S:S,M:M) -> #N/A
B278: =CONCATENATE(H278,"-",K278) -> - | O278: =IFERROR(E278*N278,"") -> 0 | P278: =IFERROR(SUMIFS(O:O,B:B,B278)/SUMIFS(N:N,B:B,B278),"") | Q278: =TODAY()-E278 -> 46163 | R278: =TODAY()-P278 -> #VALUE! | S278: =SUMIFS(N:N,B:B,B278,M:M,M278)/SUMIFS(N:N,B:B,B278) -> #DIV/0! | T278: =_xlfn.XLOOKUP(_xlfn.MAXIFS(S:S,H:H,H278,K:K,K278),S:S,M:M) -> #N/A
B279: =CONCATENATE(H279,"-",K279) -> - | O279: =IFERROR(E279*N279,"") -> 0 | P279: =IFERROR(SUMIFS(O:O,B:B,B279)/SUMIFS(N:N,B:B,B279),"") | Q279: =TODAY()-E279 -> 46163 | R279: =TODAY()-P279 -> #VALUE! | S279: =SUMIFS(N:N,B:B,B279,M:M,M279)/SUMIFS(N:N,B:B,B279) -> #DIV/0! | T279: =_xlfn.XLOOKUP(_xlfn.MAXIFS(S:S,H:H,H279,K:K,K279),S:S,M:M) -> #N/A
B280: =CONCATENATE(H280,"-",K280) -> - | O280: =IFERROR(E280*N280,"") -> 0 | P280: =IFERROR(SUMIFS(O:O,B:B,B280)/SUMIFS(N:N,B:B,B280),"") | Q280: =TODAY()-E280 -> 46163 | R280: =TODAY()-P280 -> #VALUE! | S280: =SUMIFS(N:N,B:B,B280,M:M,M280)/SUMIFS(N:N,B:B,B280) -> #DIV/0! | T280: =_xlfn.XLOOKUP(_xlfn.MAXIFS(S:S,H:H,H280,K:K,K280),S:S,M:M) -> #N/A
B281: =CONCATENATE(H281,"-",K281) -> - | O281: =IFERROR(E281*N281,"") -> 0 | P281: =IFERROR(SUMIFS(O:O,B:B,B281)/SUMIFS(N:N,B:B,B281),"") | Q281: =TODAY()-E281 -> 46163 | R281: =TODAY()-P281 -> #VALUE! | S281: =SUMIFS(N:N,B:B,B281,M:M,M281)/SUMIFS(N:N,B:B,B281) -> #DIV/0! | T281: =_xlfn.XLOOKUP(_xlfn.MAXIFS(S:S,H:H,H281,K:K,K281),S:S,M:M) -> #N/A
B282: =CONCATENATE(H282,"-",K282) -> - | O282: =IFERROR(E282*N282,"") -> 0 | P282: =IFERROR(SUMIFS(O:O,B:B,B282)/SUMIFS(N:N,B:B,B282),"") | Q282: =TODAY()-E282 -> 46163 | R282: =TODAY()-P282 -> #VALUE! | S282: =SUMIFS(N:N,B:B,B282,M:M,M282)/SUMIFS(N:N,B:B,B282) -> #DIV/0! | T282: =_xlfn.XLOOKUP(_xlfn.MAXIFS(S:S,H:H,H282,K:K,K282),S:S,M:M) -> #N/A
B283: =CONCATENATE(H283,"-",K283) -> - | O283: =IFERROR(E283*N283,"") -> 0 | P283: =IFERROR(SUMIFS(O:O,B:B,B283)/SUMIFS(N:N,B:B,B283),"") | Q283: =TODAY()-E283 -> 46163 | R283: =TODAY()-P283 -> #VALUE! | S283: =SUMIFS(N:N,B:B,B283,M:M,M283)/SUMIFS(N:N,B:B,B283) -> #DIV/0! | T283: =_xlfn.XLOOKUP(_xlfn.MAXIFS(S:S,H:H,H283,K:K,K283),S:S,M:M) -> #N/A
B284: =CONCATENATE(H284,"-",K284) -> - | O284: =IFERROR(E284*N284,"") -> 0 | P284: =IFERROR(SUMIFS(O:O,B:B,B284)/SUMIFS(N:N,B:B,B284),"") | Q284: =TODAY()-E284 -> 46163 | R284: =TODAY()-P284 -> #VALUE! | S284: =SUMIFS(N:N,B:B,B284,M:M,M284)/SUMIFS(N:N,B:B,B284) -> #DIV/0! | T284: =_xlfn.XLOOKUP(_xlfn.MAXIFS(S:S,H:H,H284,K:K,K284),S:S,M:M) -> #N/A
... B446: =CONCATENATE(H446,"-",K446) -> - | O446: =IFERROR(E446*N446,"") -> 0 | P446: =IFERROR(SUMIFS(O:O,B:B,B446)/SUMIFS(N:N,B:B,B446),"") | Q446: =TODAY()-E446 -> 46163 | R446: =TODAY()-P446 -> #VALUE! | S446: =SUMIFS(N:N,B:B,B446,M:M,M446)/SUMIFS(N:N,B:B,B446) -> #DIV/0! | T446: =_xlfn.XLOOKUP(_xlfn.MAXIFS(S:S,H:H,H446,K:K,K446),S:S,M:M) -> #N/A
